City_ID,City,Lat,Lng,Max Temp,Humidity,Cloudiness,Wind Speed,Country,Date
0,hawaiian paradise park,19.5933,-154.9731,20.310000000000002,90,0,2.06,US,1697993594
1,albany,42.6001,-73.9662,8.860000000000014,76,100,0.45,US,1697993453
2,blackmans bay,-43.0167,147.3167,11.920000000000016,88,86,1.79,AU,1697993594
3,margaret river,-33.95,115.0667,13.370000000000005,59,93,7.27,AU,1697993595
4,el granada,37.5027,-122.4694,17.53000000000003,89,100,4.12,US,1697993314
5,saldanha,-33.0117,17.9442,25.03000000000003,76,100,4.91,ZA,1697993035
6,udachny,66.4167,112.4,-4.75,92,100,3.95,RU,1697993595
7,qamdo,31.1667,97.2333,-2.109999999999957,58,27,0.44,CN,1697993596
8,anchorage,61.2181,-149.9003,-6.649999999999977,74,0,3.09,US,1697993506
9,ust-nera,64.5667,143.2,-10.099999999999966,96,100,1.76,RU,1697993596
10,adamstown,-25.066,-130.1015,22.640000000000043,77,23,4.61,PN,1697993596
11,port-aux-francais,-49.35,70.2167,2.6100000000000136,63,44,12.56,TF,1697993597
12,olonkinbyen,70.9221,-8.7187,3.07000000000005,84,80,4.15,SJ,1697993597
13,waitangi,-43.9535,-176.5597,8.78000000000003,62,93,11.53,NZ,1697993597
14,pisco,-13.7,-76.2167,19.03000000000003,94,100,2.06,PE,1697993597
15,tibro,58.4245,14.1616,6.57000000000005,96,100,3.29,SE,1697993598
16,vilyuchinsk,52.9306,158.4028,0.1500000000000341,70,18,2.95,RU,1697993598
17,georgetown,5.4112,100.3354,25.29000000000002,92,40,2.68,MY,1697993423
18,yuzhno-kurilsk,44.0306,145.8556,8.770000000000039,77,95,3.8,RU,1697993047
19,keflavik,64.0049,-22.5624,6.240000000000009,87,75,2.06,IS,1697993599
20,port elizabeth,-33.918,25.5701,16.29000000000002,71,0,6.69,ZA,1697993599
21,acapetahua,15.2833,-92.7,30.710000000000036,66,41,1.5,MX,1697993599
22,grytviken,-54.2811,-36.5092,2.8799999999999955,76,30,4.99,GS,1697993600
23,nuuk,64.1835,-51.7216,-0.6599999999999682,64,40,5.14,GL,1697993421
24,vila franca do campo,37.7167,-25.4333,21.05000000000001,99,99,6.5,PT,1697993019
25,uturoa,-16.7333,-151.4333,26.689999999999998,74,18,6.2,PF,1697993600
26,longyearbyen,78.2186,15.6401,-9.089999999999975,73,20,4.63,SJ,1697993600
27,bredasdorp,-34.5322,20.0403,15.760000000000048,75,54,8.33,ZA,1697993601
28,hermanus,-34.4187,19.2345,17.450000000000045,75,83,5.93,ZA,1697993601
29,okhotsk,59.3833,143.3,0.57000000000005,84,100,5.01,RU,1697993601
30,nemuro,43.3236,145.575,10.390000000000043,81,85,8.32,JP,1697993602
31,nova sintra,14.8667,-24.7167,23.950000000000045,74,36,4.67,CV,1697993273
32,ushuaia,-54.8,-68.3,9.810000000000002,57,75,9.26,AR,1697993602
33,colonia,50.9333,6.95,13.28000000000003,90,75,2.06,DE,1697993602
34,tavda,58.0425,65.2726,-1.3199999999999932,68,8,4.26,RU,1697993603
35,lompoc,34.6391,-120.4579,17.74000000000001,74,100,4.47,US,1697993603
36,hamilton,39.1834,-84.5333,11.150000000000034,66,100,4.12,US,1697993563
37,sosnogorsk,63.6023,53.8817,-0.7099999999999795,77,97,5.03,RU,1697993603
38,derbent,42.0678,48.2899,14.240000000000009,80,100,1.63,RU,1697993604
39,carnarvon,-24.8667,113.6333,20.220000000000027,81,10,10.68,AU,1697993604
40,edinburgh of the seven seas,-37.0676,-12.3116,13.900000000000034,85,65,4.85,SH,1697993604
41,il'inskiy,55.619,38.1182,1.740000000000009,100,100,5.0,RU,1697993605
42,masterton,-40.9597,175.6575,4.3799999999999955,97,15,0.65,NZ,1697993351
43,college,64.8569,-147.8028,-9.349999999999966,86,100,1.54,US,1697993605
44,goundam,16.4145,-3.6708,39.129999999999995,14,18,1.07,ML,1697993606
45,puerto ayora,-0.7393,-90.3518,29.980000000000018,78,73,4.94,EC,1697993606
46,puerto natales,-51.7236,-72.4875,12.25,50,75,5.14,CL,1697993607
47,selfoss,63.9331,-20.9971,4.470000000000027,77,93,0.98,IS,1697993607
48,graaff-reinet,-32.2522,24.5308,14.960000000000036,72,84,3.13,ZA,1697993607
49,labrador city,52.9463,-66.9114,1.9500000000000455,75,75,7.72,CA,1697993114
50,iqaluit,63.7506,-68.5145,-3.5,73,75,8.23,CA,1697993609
51,vorgashor,67.5833,63.95,-4.389999999999986,94,95,4.58,RU,1697993610
52,ta`u,-14.2336,-169.5144,26.400000000000034,83,100,5.42,AS,1697993045
53,tazovsky,67.4667,78.7,-2.599999999999966,92,99,7.41,RU,1697993610
54,serdar,38.9764,56.2757,20.910000000000025,52,100,5.68,TM,1697993610
55,tura,25.5198,90.2201,20.620000000000005,93,15,1.44,IN,1697993066
56,papatowai,-46.5619,169.4708,3.5,90,3,1.7,NZ,1697993611
57,amga,60.8953,131.9608,-3.5,94,100,3.28,RU,1697993611
58,acarau,-2.8856,-40.12,30.379999999999995,60,50,9.38,BR,1697993271
59,bojia,26.4672,111.9681,18.010000000000048,67,0,0.35,CN,1697993612
60,corumba,-19.0092,-57.6533,38.950000000000045,30,20,6.17,BR,1697993612
61,ust'-kulom,61.6864,53.6902,-1.349999999999966,80,99,4.79,RU,1697993612
62,northam,51.0333,-4.2167,12.740000000000009,86,61,4.09,GB,1697993613
63,huangmei,30.1924,116.025,15.660000000000025,51,0,1.4,CN,1697993613
64,kyelang,32.5833,77.0333,-4.089999999999975,96,99,0.64,IN,1697993613
65,aasiaat,68.7098,-52.8699,-9.649999999999977,79,75,2.57,GL,1697993614
66,polyarnyy,69.1989,33.4478,-0.049999999999954525,71,87,7.05,RU,1697993614
67,west island,-12.1568,96.8225,25.99000000000001,73,40,5.14,CC,1697993614
68,ribeira grande,38.5167,-28.7,21.220000000000027,60,20,5.66,PT,1697993615
69,rehoboth,-23.3167,17.0833,27.150000000000034,8,0,7.89,NA,1697993615
70,mount gambier,-37.8333,140.7667,6.550000000000011,91,23,2.06,AU,1697993052
71,isafjordur,66.0755,-23.124,6.020000000000039,61,75,5.14,IS,1697993615
72,lihue,21.9789,-159.3672,21.77000000000004,94,20,2.06,US,1697993616
73,macau,22.2006,113.5461,22.850000000000023,83,40,6.17,MO,1697993616
74,siracusa,37.0881,15.2792,23.680000000000007,76,72,3.25,IT,1697993616
75,sechura,-5.5569,-80.8222,27.120000000000005,59,33,3.69,PE,1697993616
76,tiksi,71.6872,128.8694,-19.18999999999997,100,95,0.89,RU,1697993617
77,haiku-pauwela,20.9219,-156.3051,19.010000000000048,88,0,2.06,US,1697993617
78,sittwe,20.15,92.9,25.77000000000004,85,100,3.45,MM,1697993617
79,portland,45.5234,-122.6762,14.020000000000039,96,100,2.06,US,1697992927
80,pushkino,56.0172,37.8667,1.0900000000000318,90,100,3.74,RU,1697993618
81,holualoa,19.6228,-155.9522,20.379999999999995,92,100,1.54,US,1697993618
82,djambala,-2.5447,14.7533,22.310000000000002,88,78,2.11,CG,1697993618
83,invercargill,-46.4,168.35,3.340000000000032,94,13,0.89,NZ,1697993618
84,tari,12.4086,4.4914,33.410000000000025,16,1,2.8,NG,1697993619
85,port mathurin,-19.6833,63.4167,24.760000000000048,81,10,4.77,MU,1697993619
86,karratha,-20.7377,116.8463,26.850000000000023,72,32,4.44,AU,1697993620
87,yellowknife,62.456,-114.3525,-6.0,77,20,8.23,CA,1697993620
88,bandundu,-3.3167,17.3667,25.189999999999998,87,99,1.29,CD,1697993620
89,abu al matamir,30.9102,30.1744,22.090000000000032,76,0,4.21,EG,1697993620
90,talnakh,69.4865,88.3972,-2.659999999999968,96,100,4.02,RU,1697993621
91,kidal,18.4411,1.4078,36.64000000000004,9,3,4.74,ML,1697993621
92,freetown,8.484,-13.2299,28.840000000000032,79,75,4.63,SL,1697993549
93,camalu,30.85,-116.0667,20.920000000000016,74,12,4.96,MX,1697993622
94,constantia,44.1833,28.65,23.379999999999995,59,75,5.92,RO,1697993622
95,svetlyy,54.675,20.1347,9.03000000000003,94,100,2.49,RU,1697993622
96,dalandzadgad,43.5708,104.425,7.439999999999998,27,11,2.56,MN,1697993622
97,weno,7.4515,151.8468,26.970000000000027,94,40,1.54,FM,1697993623
98,oliver,49.1831,-119.5524,11.79000000000002,76,100,1.03,CA,1697993623
99,kollam,8.8833,76.6,25.360000000000014,87,94,2.38,IN,1697993623
100,petropavlovsk-kamchatsky,53.0452,158.6483,-0.6699999999999591,93,40,2.0,RU,1697993624
101,christchurch,-43.5333,172.6333,6.180000000000007,86,21,3.09,NZ,1697993385
102,scarborough,54.2797,-0.4044,9.640000000000043,82,28,0.89,GB,1697993224
103,kodiak,57.79,-152.4072,-4.269999999999982,80,0,2.57,US,1697993624
104,bilibino,68.0546,166.4372,-10.569999999999993,98,63,1.37,RU,1697993625
105,wailua homesteads,22.0669,-159.378,21.439999999999998,94,20,2.06,US,1697993625
106,antonio enes,-16.2325,39.9086,26.53000000000003,77,51,8.5,MZ,1697993625
107,jiagedaqi,50.4167,124.1167,1.2000000000000455,65,0,0.94,CN,1697993626
108,tsiombe,-25.3,45.4833,24.150000000000034,67,0,2.72,MG,1697993626
109,bethel,41.3712,-73.414,11.910000000000025,43,40,6.69,US,1697993352
110,modimolle,-24.7,28.4,25.83000000000004,8,0,3.57,ZA,1697993627
111,ko pha ngan,9.7578,100.0291,26.08000000000004,73,29,1.86,TH,1697993627
112,kailua-kona,19.6406,-155.9956,22.420000000000016,90,100,1.54,US,1697993627
113,omutninsk,58.67,52.1932,-0.75,83,92,4.17,RU,1697993627
114,la ronge,55.1001,-105.2842,-0.8599999999999568,80,100,6.69,CA,1697993067
115,freeport,40.6576,-73.5832,13.840000000000032,57,100,8.75,US,1697993629
116,altay,47.8667,88.1167,8.080000000000041,66,49,2.54,CN,1697993630
117,kalsdorf bei graz,46.961,15.4723,14.660000000000025,84,20,0.51,AT,1697993631
118,lata,40.1629,-8.3327,17.180000000000007,67,100,2.27,PT,1697993631
119,port lincoln,-34.7333,135.8667,11.57000000000005,76,20,4.15,AU,1697993290
120,vorkuta,67.5,64.0,-3.859999999999957,94,100,4.91,RU,1697993631
121,bougouni,11.417,-7.479,32.629999999999995,38,55,1.32,ML,1697993632
122,bac lieu,9.285,105.7244,26.210000000000036,87,87,2.72,VN,1697993632
123,nili,33.7218,66.1302,12.82000000000005,24,0,1.01,AF,1697993312
124,aktau,43.65,51.2,6.32000000000005,54,0,4.73,KZ,1697993633
125,itoman,26.1247,127.6694,24.0,64,40,2.57,JP,1697993057
126,cabo san lucas,22.8909,-109.9124,28.100000000000023,93,100,7.72,MX,1697992959
127,camarinas,43.1311,-9.1817,14.960000000000036,87,100,2.64,ES,1697993633
128,east london,-33.0153,27.9116,16.52000000000004,63,0,2.06,ZA,1697993469
129,kamaishi,39.2667,141.8833,13.28000000000003,75,51,5.11,JP,1697993634
130,saint-francois,46.4154,3.9054,13.660000000000025,78,100,2.06,FR,1697993318
131,puerto aysen,-45.4,-72.7,15.730000000000018,54,6,1.14,CL,1697993634
132,bairnsdale,-37.8333,147.6167,12.810000000000002,66,88,0.89,AU,1697993328
133,zarinsk,53.7074,84.9493,7.170000000000016,75,100,5.81,RU,1697993635
134,fort st. john,56.2499,-120.8529,-4.060000000000002,93,100,5.66,CA,1697993430
135,klyuchi,52.2667,79.1667,12.770000000000039,55,100,9.06,RU,1697993635
136,castelsarrasin,44.0833,1.0,17.400000000000034,60,92,3.64,FR,1697993636
137,antigonish,45.6169,-61.9986,13.510000000000048,92,100,6.71,CA,1697993408
138,nanzhou,29.3596,112.4024,17.75,42,0,1.84,CN,1697993636
139,codrington,-38.2667,141.9667,9.110000000000014,79,54,4.46,AU,1697993636
140,jamestown,42.097,-79.2353,7.07000000000005,71,100,8.75,US,1697993528
141,privolzhsk,57.3808,41.2886,0.6200000000000045,75,91,2.68,RU,1697993637
142,gazojak,41.1875,61.4036,15.04000000000002,70,100,5.38,TM,1697993041
143,mugia,43.1041,-9.2179,14.950000000000045,87,100,2.69,ES,1697993637
144,minas de marcona,-15.2119,-75.1103,20.710000000000036,65,73,5.3,PE,1697993638
145,sinabang,2.4803,96.3801,25.590000000000032,84,100,0.65,ID,1697993638
146,idri,27.5,13.2667,31.450000000000045,13,1,2.33,LY,1697993638
147,igarka,67.4667,86.5833,-0.92999999999995,97,100,6.28,RU,1697993639
148,dunedin,-45.8742,170.5036,7.110000000000014,88,22,0.45,NZ,1697993639
149,pecos,31.4229,-103.4932,22.060000000000002,46,0,0.0,US,1697993639
150,usinsk,65.9939,57.5281,-1.3999999999999773,85,100,10.4,RU,1697993042
151,stanley,54.868,-1.6985,8.660000000000025,79,20,2.57,GB,1697993640
152,urengoy,65.9667,78.3667,-2.3899999999999864,83,92,6.29,RU,1697993640
153,dryden,49.7833,-92.7503,7.160000000000025,100,100,2.57,CA,1697993408
154,mao,39.8885,4.2658,21.310000000000002,73,20,5.14,ES,1697993641
155,shantobe,52.4581,68.1839,-2.769999999999982,88,98,9.83,KZ,1697993641
156,roslavl',53.9528,32.8639,8.300000000000011,93,71,3.78,RU,1697993641
157,qaqortoq,60.7167,-46.0333,1.9700000000000273,44,100,2.31,GL,1697993641
158,motygino,58.1831,94.7592,0.8100000000000023,81,95,1.6,RU,1697993393
159,mangrol,21.1167,70.1167,28.920000000000016,59,96,3.09,IN,1697993282
160,badger,64.8,-147.5333,-9.299999999999955,87,100,1.54,US,1697993642
161,pass christian,30.3158,-89.2475,26.610000000000014,57,0,0.0,US,1697993642
162,bronkhorstspruit,-25.8102,28.7425,22.180000000000007,29,0,3.18,ZA,1697993643
163,hasaki,35.7333,140.8333,10.220000000000027,69,94,3.4,JP,1697993643
164,zouerate,22.7187,-12.4521,30.55000000000001,30,98,3.88,MR,1697993643
165,papao,-17.75,-149.55,24.82000000000005,81,70,6.53,PF,1697993644
166,punta arenas,-53.15,-70.9167,12.060000000000002,43,20,11.83,CL,1697993409
167,thompson,55.7435,-97.8558,3.090000000000032,93,100,3.6,CA,1697993564
168,constitucion,-35.3333,-72.4167,16.430000000000007,70,77,4.04,CL,1697993644
169,pathein,16.7833,94.7333,23.74000000000001,96,97,1.4,MM,1697993645
170,fortaleza,-3.7227,-38.5247,30.54000000000002,66,40,8.75,BR,1697993637
171,howard springs,-12.497,131.047,27.49000000000001,84,9,2.08,AU,1697993352
172,luena,-11.7833,19.9167,29.100000000000023,39,75,1.54,AO,1697993048
173,kununurra,-15.7667,128.7333,24.99000000000001,88,33,1.54,AU,1697993646
174,asau,46.4333,26.4,15.510000000000048,58,41,2.59,RO,1697993646
175,monahans,31.5943,-102.8926,23.28000000000003,53,100,6.78,US,1697993646
176,belogorsk,50.9158,128.4611,0.11000000000001364,53,3,2.84,RU,1697993647
177,anadyr,64.75,177.4833,3.890000000000043,93,20,11.0,RU,1697993647
178,port alfred,-33.5906,26.891,16.210000000000036,72,75,1.34,ZA,1697993647
179,fort bragg,35.139,-79.006,21.590000000000032,38,0,7.72,US,1697993647
180,whitehorse,60.7161,-135.0538,-8.92999999999995,56,100,3.6,CA,1697993458
181,los andes,-32.8337,-70.5983,20.560000000000002,48,100,3.35,CL,1697993648
182,nguigmi,14.2495,13.1092,32.98000000000002,20,7,4.9,NE,1697993648
183,victoriaville,46.0501,-71.9658,6.3799999999999955,96,100,3.22,CA,1697993649
184,caleta de carquin,-11.0925,-77.6267,22.680000000000007,77,45,4.2,PE,1697993649
185,hithadhoo,-0.6,73.0833,27.33000000000004,75,99,6.14,MV,1697993649
186,sitka,57.0531,-135.33,0.9399999999999977,75,0,2.06,US,1697993630
187,avarua,-21.2078,-159.775,23.03000000000003,88,20,2.06,CK,1697993650
188,berezovyy,51.6667,135.7,-0.6299999999999955,60,0,3.44,RU,1697993650
189,crane,31.3974,-102.3501,25.150000000000034,52,100,9.96,US,1697993651
190,lebu,-37.6167,-73.65,13.0,70,0,8.0,CL,1697993651
191,asosa,10.0667,34.5333,17.210000000000036,92,100,1.06,ET,1697993652
192,ingenio la esperanza,-24.2255,-64.839,37.27000000000004,21,91,1.56,AR,1697993652
193,bayanhongor,46.7167,100.1167,-0.37000000000000455,44,56,0.58,MN,1697993653
194,rongelap,11.1635,166.8941,27.920000000000016,80,100,4.28,MH,1697993653
195,yankton,42.8711,-97.3973,12.140000000000043,66,0,5.14,US,1697993653
196,cova figueira,14.8905,-24.2934,24.350000000000023,77,24,5.92,CV,1697993654
197,arkhangel'sk,64.5401,40.5433,0.6700000000000159,88,100,4.15,RU,1697993437
198,salekhard,66.53,66.6019,-3.599999999999966,90,94,4.86,RU,1697993655
199,kavieng,-2.5744,150.7967,27.760000000000048,79,68,3.57,PG,1697993655
200,ceeldheer,3.8488,47.1806,27.450000000000045,76,43,6.33,SO,1697993655
201,scottsbluff,41.8666,-103.6672,15.340000000000032,49,0,6.17,US,1697993655
202,horta,38.5333,-28.6333,19.450000000000045,73,20,5.81,PT,1697993352
203,barra dos coqueiros,-10.9089,-37.0386,28.010000000000048,74,40,4.63,BR,1697993656
204,zimnicea,43.6667,25.3667,25.30000000000001,33,51,2.88,RO,1697993656
205,hammerfest,70.6634,23.6821,0.25,69,20,3.09,NO,1697993656
206,pokrov,55.92,39.1769,2.07000000000005,88,100,3.28,RU,1697993657
207,sainte-marie,-20.8968,55.5496,22.620000000000005,87,0,2.57,RE,1697993657
208,port augusta,-32.5,137.7667,9.870000000000005,76,68,1.96,AU,1697993657
209,silale,55.4906,22.1814,9.110000000000014,96,100,2.37,LT,1697993658
210,touros,-5.1989,-35.4608,29.110000000000014,60,71,7.52,BR,1697993596
211,khandyga,62.6667,135.6,-11.939999999999998,97,100,0.96,RU,1697993658
212,villa gesell,-37.2639,-56.973,15.050000000000011,94,100,4.6,AR,1697993659
213,remire-montjoly,4.9167,-52.2667,33.02000000000004,62,75,5.14,GF,1697993659
214,shingu,33.7333,135.9833,11.980000000000018,69,8,2.25,JP,1697993659
215,christiana,-27.914,25.1611,24.980000000000018,17,0,3.47,ZA,1697993660
216,tralee,52.2704,-9.7026,13.140000000000043,76,75,4.12,IE,1697993660
217,sendafa,9.15,39.0333,12.310000000000002,72,97,3.03,ET,1697993660
218,cromwell,41.5951,-72.6454,13.140000000000043,63,100,5.14,US,1697993107
219,baoying,33.2292,119.3092,14.939999999999998,70,0,1.73,CN,1697993661
220,saipan,15.1355,145.701,28.390000000000043,83,75,6.69,MP,1697993661
221,saint-philippe,-21.3585,55.7679,22.77000000000004,76,33,2.86,RE,1697993661
222,meulaboh,4.1363,96.1285,24.230000000000018,89,100,1.7,ID,1697993662
223,kaga bandoro,6.9896,19.1874,25.99000000000001,78,75,1.28,CF,1697993662
224,byron bay,-28.65,153.6167,20.360000000000014,84,2,7.35,AU,1697993662
225,boguchany,58.3814,97.4531,-0.15999999999996817,87,62,1.79,RU,1697993663
226,ilulissat,69.2167,-51.1,-3.9899999999999523,58,11,6.17,GL,1697993663
227,piti village,13.4626,144.6933,27.27000000000004,87,0,3.09,GU,1697993663
228,big spring,32.2504,-101.4787,24.02000000000004,61,0,5.14,US,1697993663
229,cozumel,20.5083,-86.9458,31.08000000000004,72,68,4.92,MX,1697993628
230,kushiro,42.975,144.3747,7.5400000000000205,86,64,4.56,JP,1697993664
231,port macquarie,-31.4333,152.9167,14.939999999999998,42,0,5.13,AU,1697993644
232,velikiye luki,56.34,30.5452,5.300000000000011,96,100,2.76,RU,1697993664
233,san antonio de pale,-1.4014,5.6325,25.720000000000027,84,96,6.43,GQ,1697993665
234,olyokminsk,60.3736,120.4264,0.6700000000000159,93,99,3.46,RU,1697993665
235,virarajendrapet,12.2,75.8,19.680000000000007,92,69,0.84,IN,1697993666
236,ekibastuz,51.6667,75.3667,8.220000000000027,82,100,9.28,KZ,1697993666
237,vadso,70.0744,29.7487,-0.9099999999999682,69,75,5.66,NO,1697993666
238,susuman,62.7833,148.1667,-15.329999999999984,96,97,0.92,RU,1697993666
239,fortuna,40.5982,-124.1573,15.29000000000002,97,75,3.09,US,1697993667
240,pamiers,43.0833,1.5,14.710000000000036,68,100,3.14,FR,1697993667
241,nagqu,31.5,92.0,-4.46999999999997,79,53,1.73,CN,1697993667
242,pechory,57.8164,27.6119,3.7000000000000455,98,100,1.83,RU,1697993668
243,happy valley-goose bay,53.3168,-60.3315,6.170000000000016,61,100,11.83,CA,1697993668
244,geraldton,-28.7667,114.6,18.230000000000018,63,45,6.69,AU,1697993668
245,almeirim,-1.5233,-52.5817,37.879999999999995,34,33,2.75,BR,1697993291
246,trincomalee,8.5711,81.2335,26.83000000000004,82,63,2.31,LK,1697993271
247,san patricio,28.017,-97.5169,29.230000000000018,45,95,4.93,US,1697993669
248,dzhalagash,45.0833,64.6667,7.760000000000048,68,21,5.52,KZ,1697993361
249,cururupu,-1.8283,-44.8683,30.620000000000005,60,90,3.88,BR,1697993670
250,tobelo,1.7284,128.0095,26.460000000000036,82,100,2.06,ID,1697993670
251,mil'kovo,55.6078,37.7956,1.9500000000000455,88,100,3.95,RU,1697993670
252,hede,33.7681,120.2517,14.160000000000025,85,0,2.85,CN,1697993671
253,tezu,27.9167,96.1667,20.120000000000005,43,0,2.32,IN,1697993671
254,tolanaro,-25.0319,46.9987,26.04000000000002,83,40,9.26,MG,1697993671
255,fale old settlement,-9.3852,-171.2468,27.760000000000048,76,100,1.92,TK,1697993672
256,ola,59.5833,151.2833,1.75,89,100,3.05,RU,1697993672
257,puerto san jose,13.9256,-90.8244,28.930000000000007,72,99,2.67,GT,1697993425
258,cannonvale,-20.2833,148.7,21.660000000000025,75,0,1.74,AU,1697993672
259,mo i rana,66.3128,14.1428,0.18000000000000682,69,0,1.03,NO,1697993673
260,ambon,-3.6954,128.1814,27.150000000000034,95,40,2.06,ID,1697993673
261,revda,56.801,59.9303,-1.7999999999999545,77,89,5.34,RU,1697993673
262,tamanrasset,22.785,5.5228,30.950000000000045,11,0,1.03,DZ,1697993673
263,howrah,22.5892,88.3103,27.0,83,75,2.06,IN,1697993674
264,alice springs,-23.7,133.8833,14.75,33,73,0.0,AU,1697993674
265,peterhead,57.5058,-1.7981,9.220000000000027,72,31,3.07,GB,1697993675
266,matamba,-8.9833,33.9667,20.27000000000004,45,92,1.87,TZ,1697993675
267,kharabali,47.4196,47.2568,6.689999999999998,39,50,2.95,RU,1697993676
268,souillac,-20.5167,57.5167,25.210000000000036,83,75,1.54,MU,1697993676
269,eureka,40.8021,-124.1637,15.340000000000032,96,97,1.88,US,1697993677
270,north bend,43.4065,-124.2243,12.470000000000027,100,100,2.06,US,1697993661
271,utrik,11.2278,169.8474,27.510000000000048,80,100,5.84,MH,1697993677
272,mezhdurechenskiy,59.6,65.9333,-1.329999999999984,72,15,4.66,RU,1697993677
273,afaahiti,-17.75,-149.2833,23.930000000000007,86,70,7.15,PF,1697993678
274,el calafate,-50.3408,-72.2768,9.810000000000002,61,23,2.52,AR,1697993678
275,nkhata bay,-11.6066,34.2907,27.890000000000043,54,81,1.84,MW,1697993678
276,tommot,58.9564,126.2925,-11.560000000000002,98,85,0.96,RU,1697993679
277,santo antonio do ica,-3.1022,-67.9397,32.64000000000004,52,100,1.65,BR,1697993679
278,lubao,14.9167,120.55,26.840000000000032,86,99,1.95,PH,1697993679
279,kapa'a,22.0752,-159.319,22.180000000000007,94,20,2.06,US,1697993679
280,san luis de la loma,17.2706,-100.8939,28.879999999999995,75,91,1.65,MX,1697993680
281,belmonte,-15.8631,-38.8828,26.79000000000002,65,85,4.69,BR,1697993362
282,khorixas,-20.3667,14.9667,26.350000000000023,17,0,8.31,NA,1697993680
283,chinchilla,-26.75,150.6333,19.310000000000002,66,0,5.2,AU,1697993680
284,agat village,13.3886,144.6585,27.260000000000048,87,0,3.09,GU,1697993681
285,nieuw amsterdam,5.8833,-55.0833,35.57000000000005,69,76,3.71,SR,1697993681
286,haapsalu,58.9431,23.5414,4.810000000000002,92,100,2.28,EE,1697993278
287,barcelos,41.5388,-8.6151,18.5,74,100,2.17,PT,1697993681
288,dungarpur,23.8333,73.7167,27.5,34,72,2.18,IN,1697993682
289,bardai,11.65,7.2333,28.27000000000004,23,40,3.04,NG,1697993682
290,novo aripuana,-5.1206,-60.3797,38.09000000000003,31,69,1.74,BR,1697993682
291,chegdomyn,51.1167,133.0167,-3.7799999999999727,77,60,1.62,RU,1697993683
292,ixtapa,20.7,-105.2,30.680000000000007,61,84,0.45,MX,1697993683
293,bamboo flat,11.7,92.7167,26.05000000000001,94,40,0.0,IN,1697993683
294,zhaozhou,45.6833,125.3167,5.6299999999999955,57,19,3.81,CN,1697993683
295,hami,42.8,93.45,13.03000000000003,27,0,1.77,CN,1697993684
296,serhiyivka,46.0272,30.3768,20.07000000000005,68,59,4.55,UA,1697993684
297,yebaishou,41.3975,119.6408,9.03000000000003,43,0,1.94,CN,1697993684
298,illizi,26.4833,8.4667,37.89000000000004,11,8,3.63,DZ,1697993684
299,thunder bay,48.4001,-89.3168,4.9500000000000455,81,75,2.06,CA,1697993280
300,westport,41.1415,-73.3579,13.010000000000048,54,20,9.26,US,1697993685
301,santa cruz,-17.8,-63.1667,39.03000000000003,29,8,9.26,BO,1697993273
302,huarmey,-10.0681,-78.1522,23.180000000000007,77,72,4.55,PE,1697993293
303,hotan,37.0997,79.9269,13.07000000000005,21,52,1.94,CN,1697993307
304,kotlas,61.2611,46.6556,0.8900000000000432,83,100,3.56,RU,1697993686
305,chonchi,-42.6128,-73.8092,14.560000000000002,43,1,1.94,CL,1697993686
306,bontang,0.1333,117.5,26.29000000000002,83,84,0.67,ID,1697993686
307,aykhal,66.0,111.5,-6.289999999999964,96,100,5.24,RU,1697993687
308,yuzawa,39.1667,140.5,12.220000000000027,93,77,1.73,JP,1697993687
309,aniva,46.7144,142.5294,3.9500000000000455,69,21,3.21,RU,1697993687
310,palmer,42.1584,-72.3287,11.110000000000014,54,75,8.75,US,1697993465
311,gobabis,-22.45,18.9667,27.79000000000002,7,0,3.71,NA,1697993688
312,enewetak,11.3474,162.3373,28.060000000000002,75,96,1.95,MH,1697993688
313,cuyo,10.8525,121.0086,28.660000000000025,76,100,5.69,PH,1697993329
314,omaruru,-21.4333,15.9333,27.05000000000001,8,0,4.36,NA,1697993689
315,cockburn town,21.4612,-71.1419,29.980000000000018,66,40,2.57,TC,1697993689
316,colimes,-1.55,-80.0167,27.170000000000016,71,100,1.98,EC,1697993689
317,quilpue,-33.045,-71.4494,15.439999999999998,71,100,5.66,CL,1697993689
318,borogontsy,62.6683,131.1683,-5.899999999999977,94,100,2.37,RU,1697993690
319,mermoz boabab,14.7065,-17.4758,30.879999999999995,66,75,5.14,SN,1697993310
320,veraval,20.9,70.3667,28.52000000000004,70,92,2.2,IN,1697993690
321,mata-utu,-13.2816,-176.1745,27.360000000000014,81,94,3.73,WF,1697993397
322,midvagur,62.0511,-7.1939,9.460000000000036,100,100,3.6,FO,1697993691
323,arta,39.1606,20.9853,22.80000000000001,69,78,0.84,GR,1697993691
324,leava,-14.3,-178.1667,27.129999999999995,86,100,6.57,WF,1697993691
325,ialibu,-6.2821,143.9935,11.600000000000023,97,71,1.05,PG,1697993692
326,altamira,-3.2033,-52.2064,35.05000000000001,52,75,3.6,BR,1697993692
327,kapuskasing,49.4169,-82.4331,3.0,81,75,4.12,CA,1697993692
328,luderitz,-26.6481,15.1594,16.670000000000016,87,21,1.66,NA,1697993692
329,camapua,-19.5314,-54.0439,41.35000000000002,18,26,1.57,BR,1697993477
330,andreapol',56.6513,32.2664,3.07000000000005,99,100,2.27,RU,1697993693
331,marolambo,-20.05,48.1167,20.439999999999998,99,99,1.7,MG,1697993693
332,ghat,24.9647,10.1728,33.23000000000002,10,81,4.54,LY,1697993369
333,callao,-12.0667,-77.15,21.160000000000025,78,100,2.57,PE,1697993384
334,betong,5.7743,101.0723,22.129999999999995,99,93,0.7,TH,1697993694
335,acapulco de juarez,16.8634,-99.8901,28.900000000000034,74,40,2.57,MX,1697993157
336,mount isa,-20.7333,139.5,17.870000000000005,32,0,0.0,AU,1697993695
337,wellston,39.1234,-82.5329,12.800000000000011,49,28,3.47,US,1697993492
338,zeribet el oued,34.6828,6.5111,26.74000000000001,18,76,3.27,DZ,1697993695
339,prince rupert,54.3161,-130.3201,5.920000000000016,85,40,8.23,CA,1697993432
340,phek,25.6667,94.5,11.390000000000043,98,90,0.67,IN,1697993696
341,tai'an,36.1853,117.12,12.920000000000016,43,3,1.34,CN,1697993462
342,malango,-2.9627,119.9001,18.760000000000048,97,26,1.12,ID,1697993697
343,sungai penuh,-2.0833,101.3833,18.400000000000034,94,93,0.61,ID,1697993698
344,cill airne,52.05,-9.5167,13.03000000000003,76,75,4.12,IE,1697993396
345,kiunga,-6.1219,141.2906,21.640000000000043,99,42,1.02,PG,1697993699
346,rutana,-3.8667,30.1,19.970000000000027,57,66,1.38,BI,1697993700
347,ponta delgada,37.7333,-25.6667,19.400000000000034,63,20,4.63,PT,1697993700
348,north saanich,48.6663,-123.4193,10.610000000000014,97,75,0.0,CA,1697993701
349,san-pedro,4.7485,-6.6363,26.360000000000014,85,37,3.92,CI,1697993701
350,talara,-4.5772,-81.2719,28.420000000000016,57,40,5.14,PE,1697993701
351,volendam,52.495,5.0708,11.720000000000027,77,25,0.89,NL,1697993702
352,san fernando,15.0286,120.6898,26.850000000000023,86,98,1.81,PH,1697993702
353,margate,51.3813,1.3862,12.210000000000036,72,13,3.17,GB,1697993702
354,atafu village,-8.5421,-172.5159,27.75,77,98,1.75,TK,1697993703
355,ukholovo,53.7929,40.4892,3.5400000000000205,78,100,5.02,RU,1697993703
356,worland,44.0169,-107.9554,8.25,81,0,2.06,US,1697993703
357,arraial do cabo,-22.9661,-42.0278,24.920000000000016,61,75,7.2,BR,1697993423
358,pyhajarvi,67.0701,27.2176,-10.909999999999968,98,40,0.83,FI,1697993704
359,saynshand,44.8824,110.1163,8.82000000000005,26,44,3.38,MN,1697993322
360,shimoda,34.6667,138.95,15.490000000000009,66,29,4.08,JP,1697993417
361,kirakira,-10.4544,161.9205,25.210000000000036,86,87,2.65,SB,1697993705
362,hinton,53.4001,-117.5857,2.160000000000025,82,99,1.24,CA,1697993451
363,urangan,-25.3,152.9,22.03000000000003,74,1,6.92,AU,1697993705
364,puerto deseado,-47.7503,-65.8938,14.950000000000045,38,0,8.0,AR,1697993367
365,dashitou,43.3067,128.5114,1.5400000000000205,79,5,1.37,CN,1697993706
366,tanque verde,32.2517,-110.7373,28.28000000000003,32,0,1.34,US,1697993706
367,eyl,7.9803,49.8164,28.390000000000043,74,85,5.65,SO,1697993706
368,ingeniero guillermo n. juarez,-23.9,-61.85,45.64000000000004,12,47,9.59,AR,1697993707
369,dazuocun,24.8862,118.9643,22.060000000000002,76,88,9.02,CN,1697993707
370,lazaro cardenas,17.9583,-102.2,28.700000000000045,72,61,0.76,MX,1697993707
371,hargeysa,9.56,44.065,22.100000000000023,59,79,5.05,SO,1697993708
372,ngereklmadel,7.4883,134.4856,25.05000000000001,94,40,0.0,PW,1697993708
373,gordonvale,-17.0936,145.7842,19.120000000000005,98,2,1.32,AU,1697993665
374,houghton,47.1219,-88.569,8.54000000000002,73,20,1.34,US,1697993659
375,borca,47.1833,25.7667,12.490000000000009,71,39,2.75,RO,1697993709
376,alofi,-19.0595,-169.9187,18.939999999999998,94,99,0.51,NU,1697993709
377,jeddah,21.5169,39.2192,29.920000000000016,70,0,3.09,SA,1697993709
378,yabelo,4.8833,38.0833,17.58000000000004,75,77,3.07,ET,1697993710
379,celestun,20.8667,-90.4,29.420000000000016,51,83,2.32,MX,1697993334
380,carutapera,-1.195,-46.02,31.27000000000004,60,55,5.4,BR,1697993710
381,frontera,26.9333,-101.45,24.939999999999998,59,86,1.34,MX,1697993711
382,kainantu,-6.2887,145.8655,13.910000000000025,94,99,2.04,PG,1697993711
383,palora,-1.7,-77.9333,29.060000000000002,36,95,2.1,EC,1697993711
384,sur,22.5667,59.5289,27.170000000000016,67,92,4.61,OM,1697993711
385,porbandar,21.6422,69.6093,28.620000000000005,58,39,5.06,IN,1697993712
386,gharghoda,22.1667,83.35,19.700000000000045,60,60,1.44,IN,1697993712
387,nar'yan-mar,67.6713,53.087,-0.3199999999999932,82,94,7.86,RU,1697993712
388,qa'en,33.7265,59.1844,16.810000000000002,33,13,0.76,IR,1697993713
389,jhingergacha,23.1131,89.0938,24.110000000000014,74,100,1.19,BD,1697993713
390,kalemie,-5.9475,29.1947,25.55000000000001,64,1,1.03,CD,1697993713
391,poyarkovo,49.6,128.6833,1.25,49,0,2.26,RU,1697993713
392,strezhevoy,60.7333,77.5889,-1.169999999999959,82,100,2.87,RU,1697993714
393,kindu,-2.95,25.95,24.57000000000005,79,47,0.41,CD,1697993714
394,timbuktu,16.7735,-3.0074,39.129999999999995,13,21,4.49,ML,1697993714
395,srednebelaya,50.6594,128.0106,-1.7899999999999636,50,1,2.96,RU,1697993715
396,linxia chengguanzhen,35.6003,103.2064,8.390000000000043,70,44,1.0,CN,1697993715
397,pajok,3.8651,32.4821,22.150000000000034,86,89,2.31,SS,1697993715
398,larkird,35.4894,66.6641,13.230000000000018,58,0,0.6,AF,1697993715
399,broken hill,-31.95,141.4333,11.28000000000003,51,63,5.01,AU,1697993716
400,preobrazheniye,42.9019,133.9064,5.310000000000002,67,1,3.21,RU,1697993716
401,burang,30.25,81.1667,-0.9199999999999591,72,78,3.13,CN,1697993716
402,bridgewater,44.3835,-64.5155,12.970000000000027,92,100,8.75,CA,1697993717
403,ciudad general teran,25.2667,-99.6833,28.07000000000005,55,92,5.09,MX,1697993717
404,ujae,8.9322,165.7642,28.29000000000002,73,100,1.23,MH,1697993717
405,san jose de jachal,-30.2406,-68.7469,24.629999999999995,39,89,5.05,AR,1697993717
406,cidreira,-30.1811,-50.2056,21.0,80,98,7.61,BR,1697993345
407,la passe,45.5549,-0.8967,15.57000000000005,67,90,4.2,FR,1697993718
408,boa vista,2.8197,-60.6733,28.99000000000001,70,75,2.06,BR,1697993718
409,yilan,24.757,121.753,22.82000000000005,98,100,0.81,TW,1697993718
410,concepcion del oro,24.6333,-101.4167,21.090000000000032,40,63,3.22,MX,1697993719
411,richfield,44.8833,-93.283,12.189999999999998,77,20,5.66,US,1697993719
412,zabol,32.25,67.25,13.650000000000034,30,0,4.89,AF,1697993719
413,sake,-1.5736,29.045,18.720000000000027,91,70,0.87,CD,1697993720
414,tosontsengel,48.7567,98.2839,2.3100000000000023,53,100,0.92,MN,1697993721
415,sitia,35.2,26.0986,23.32000000000005,67,59,2.55,GR,1697993722
416,sudislavl',57.8817,41.7083,-1.3799999999999955,77,98,1.81,RU,1697993723
417,vila velha,-20.3297,-40.2925,23.970000000000027,73,100,1.54,BR,1697993723
418,borodino,55.9106,94.8983,2.890000000000043,64,100,3.03,RU,1697993723
419,puerto santa,-8.9906,-78.6456,21.970000000000027,80,84,4.04,PE,1697993724
420,klaksvik,62.2266,-6.589,9.510000000000048,94,86,8.48,FO,1697993724
421,yarmouth,41.7057,-70.2286,14.920000000000016,66,20,8.23,US,1697993724
422,susanville,40.4163,-120.653,15.220000000000027,55,75,0.89,US,1697993724
423,naracoorte,-36.9579,140.7383,4.640000000000043,93,40,1.88,AU,1697993725
424,caxito,-8.5785,13.6643,26.939999999999998,71,98,2.59,AO,1697993725
425,dawson creek,55.7666,-120.2362,-4.199999999999989,86,100,5.66,CA,1697993209
426,ulladulla,-35.35,150.4667,12.650000000000034,56,4,4.11,AU,1697993725
427,oranjemund,-28.55,16.4333,18.890000000000043,75,36,3.16,NA,1697993726
428,waingapu,-9.6567,120.2641,25.370000000000005,75,3,1.61,ID,1697993344
429,shawano,44.7822,-88.609,8.610000000000014,61,75,0.0,US,1697993502
430,san juan,-31.5375,-68.5364,27.140000000000043,36,40,9.4,AR,1697993711
431,saint-joseph,-21.3667,55.6167,22.03000000000003,76,20,3.04,RE,1697993727
432,twardogora,51.3649,17.4688,10.770000000000039,95,100,2.76,PL,1697993727
433,bouna,9.2667,-3.0,31.83000000000004,48,24,2.13,CI,1697993727
434,tailai,46.3833,123.4,7.340000000000032,47,4,5.46,CN,1697993728
435,fasa,28.9383,53.6482,20.58000000000004,32,20,0.0,IR,1697993728
436,korla,41.7597,86.1469,13.180000000000007,31,97,1.83,CN,1697993728
437,kalmunai,7.4167,81.8167,25.29000000000002,88,100,3.63,LK,1697993728
438,villa berthet,-27.2917,-60.4126,44.06,17,23,5.86,AR,1697993729
439,melfort,52.8667,-104.6177,6.07000000000005,65,29,2.06,CA,1697993729
440,aripuana,-9.1667,-60.6333,41.22000000000003,17,99,1.44,BR,1697993729
441,myeik,12.4333,98.6,25.08000000000004,89,98,1.96,MM,1697993730
442,phan rang-thap cham,11.5667,108.9833,24.890000000000043,91,87,1.72,VN,1697993730
443,cabedelo,-6.9811,-34.8339,30.370000000000005,63,86,6.17,BR,1697993353
444,kourou,5.1552,-52.6478,33.03000000000003,64,83,6.22,GF,1697993731
445,grand island,40.925,-98.342,13.03000000000003,59,0,6.17,US,1697993484
446,west bay,19.3667,-81.4167,26.370000000000005,89,75,2.06,KY,1697993731
447,morristown,36.214,-83.2949,15.57000000000005,58,20,2.57,US,1697993732
448,naze,28.3667,129.4833,20.510000000000048,68,96,3.71,JP,1697993732
449,kenai,60.5544,-151.2583,-8.96999999999997,86,0,0.0,US,1697993225
450,kruisfontein,-34.0033,24.7314,13.830000000000041,69,14,6.05,ZA,1697993269
451,flekkefjord,58.2971,6.6607,7.189999999999998,82,79,6.71,NO,1697993733
452,alesund,62.4723,6.1549,7.3799999999999955,69,0,3.6,NO,1697993322
453,siwa oasis,29.2041,25.5195,27.100000000000023,31,1,2.77,EG,1697993733
454,plastun,44.7561,136.2939,3.25,66,4,3.3,RU,1697993733
455,karibib,-21.9333,15.8333,24.82000000000005,17,0,7.24,NA,1697993734
456,taltal,-25.4,-70.4833,18.090000000000032,73,87,2.75,CL,1697993734
457,wisconsin rapids,44.3836,-89.8174,8.370000000000005,64,0,2.57,US,1697993734
458,faisalabad,31.4167,73.0833,24.78000000000003,45,0,1.89,PK,1697993734
459,paracuru,-3.41,-39.0306,27.840000000000032,61,66,7.76,BR,1697993735
460,meadow lakes,61.6247,-149.6011,-10.370000000000005,92,0,0.0,US,1697993369
461,san juan nepomuceno,9.9516,-75.082,29.930000000000007,66,100,1.42,CO,1697993735
462,la gi,10.6667,107.7833,26.32000000000005,87,89,4.17,VN,1697993735
463,dudinka,69.4058,86.1778,-2.42999999999995,92,100,4.8,RU,1697993519
464,juneau,58.3019,-134.4197,-3.0,68,40,4.63,US,1697993736
465,mweka,-4.85,21.5667,22.260000000000048,91,96,0.96,CD,1697993736
466,highland,34.1283,-117.2086,23.110000000000014,48,0,2.56,US,1697993640
467,port moresby,-9.4431,147.1797,24.680000000000007,83,40,3.09,PG,1697993737
468,kot mumin,32.1895,73.028,23.189999999999998,48,0,1.72,PK,1697993737
469,iskateley,67.6803,53.1512,-0.38999999999998636,82,95,7.86,RU,1697993737
470,west fargo,46.875,-96.9004,13.010000000000048,69,75,4.63,US,1697993737
471,muroto-misakicho,33.2833,134.15,17.650000000000034,65,41,2.6,JP,1697993738
472,ma'rib,15.4591,45.3253,25.55000000000001,22,31,1.6,YE,1697993738
473,kolonia town,6.964,158.206,24.0,100,75,1.54,FM,1697993738
474,anna regina,7.2644,-58.5077,30.75,64,100,4.17,GY,1697993738
475,nyurba,63.2842,118.3319,-2.339999999999975,97,100,2.74,RU,1697993739
476,ankazoabo,-22.2833,44.5167,24.77000000000004,50,6,2.93,MG,1697993739
477,walvis bay,-22.9575,14.5053,16.720000000000027,83,29,4.8,NA,1697993739
478,shanhecun,44.7,127.2,3.930000000000007,63,33,3.26,CN,1697993740
479,brezina,33.0989,1.2608,24.060000000000002,21,1,5.59,DZ,1697993740
480,mersa matruh,31.3525,27.2453,24.110000000000014,64,40,3.6,EG,1697993740
481,oltinko'l,40.8011,72.1634,18.350000000000023,38,85,0.42,UZ,1697993740
482,corner brook,48.9667,-57.9484,7.090000000000032,94,100,5.43,CA,1697993741
483,spasskoye,44.6108,132.7969,2.580000000000041,75,2,3.18,RU,1697993741
484,bu'aale,1.0833,42.5833,26.970000000000027,64,93,5.26,SO,1697993295
485,gavrilov-yam,57.3018,39.8533,0.910000000000025,85,99,3.07,RU,1697993741
486,marsa alam,25.0757,34.8918,27.05000000000001,66,0,3.77,EG,1697993742
487,manokwari,-0.8667,134.0833,26.260000000000048,80,67,1.99,ID,1697993742
488,arawa,-6.2132,155.5367,24.710000000000036,92,97,1.46,PG,1697993743
489,dinghaicun,26.2847,119.7936,20.510000000000048,74,98,4.79,CN,1697993744
490,kavaratti,10.5669,72.642,28.980000000000018,68,33,1.84,IN,1697993745
491,aden,12.7794,45.0367,28.99000000000001,73,31,3.94,YE,1697993745
492,barah,13.7,30.3667,31.890000000000043,15,3,4.28,SD,1697993745
493,neiafu,-18.65,-173.9833,21.379999999999995,94,20,0.0,TO,1697993745
494,ajka,47.102,17.5589,12.470000000000027,69,95,1.69,HU,1697993746
495,gumushkhane,40.4603,39.4814,14.770000000000039,56,7,1.6,TR,1697993746
496,manay,7.215,126.5397,25.700000000000045,84,72,1.84,PH,1697993747
497,mwinilunga,-11.7358,24.4293,19.110000000000014,79,94,0.63,ZM,1697993747
498,gillette,44.2911,-105.5022,11.960000000000036,63,0,2.57,US,1697993459
499,kingaroy,-26.5333,151.8333,14.050000000000011,96,0,0.77,AU,1697993748
500,liwale,-9.7667,37.9333,27.910000000000025,45,32,4.7,TZ,1697993748
501,qarauyl,48.9451,79.255,12.75,62,98,13.15,KZ,1697993748
502,brookings,44.3114,-96.7984,10.890000000000043,73,92,1.79,US,1697993294
503,jiayuguan,39.8167,98.3,8.220000000000027,23,0,2.01,CN,1697993749
504,kingston,17.997,-76.7936,33.5,62,20,3.09,JM,1697993749
505,ventspils,57.3894,21.5606,8.960000000000036,100,100,1.03,LV,1697993749
506,sao felix do xingu,-6.6447,-51.995,40.620000000000005,21,100,2.0,BR,1697993750
507,balkanabat,39.5108,54.3671,19.54000000000002,61,94,4.63,TM,1697993750
508,galesong,-5.3166,119.3661,25.010000000000048,71,76,3.18,ID,1697993750
509,dambulla,7.86,80.6517,23.5,92,100,0.8,LK,1697993750
510,grand falls-windsor,48.9332,-55.6649,8.060000000000002,94,100,1.79,CA,1697993751
511,catalao,-18.1658,-47.9464,35.31,22,30,3.47,BR,1697993642
512,kill devil hills,36.0307,-75.676,20.100000000000023,52,0,5.14,US,1697993276
513,maputo,-25.9653,32.5892,22.82000000000005,68,75,7.72,MZ,1697993752
514,launceston,-41.45,147.1667,10.770000000000039,93,100,4.12,AU,1697993266
515,aabenraa,55.0443,9.4174,10.600000000000023,95,96,4.68,DK,1697993752
516,namibe,-15.1961,12.1522,20.58000000000004,87,42,4.11,AO,1697993752
517,hurricane,37.1753,-113.2899,21.220000000000027,26,2,1.34,US,1697993753
518,puerto baquerizo moreno,-0.9,-89.6,25.55000000000001,78,75,6.17,EC,1697993753
519,coahuayana de hidalgo,18.7,-103.6583,29.860000000000014,67,99,0.78,MX,1697993753
520,awjilah,29.1081,21.2869,28.30000000000001,18,0,3.05,LY,1697993753
521,besiri,37.9184,41.2924,16.75,68,0,1.03,TR,1697993754
522,bannu,32.9854,70.6027,23.78000000000003,49,0,0.96,PK,1697993754
523,zhanibek,49.4167,46.85,4.760000000000048,44,75,1.07,KZ,1697993754
524,tual,-5.6667,132.75,27.28000000000003,80,66,6.18,ID,1697993754
525,cacapava do sul,-30.5122,-53.4914,20.54000000000002,94,100,3.36,BR,1697993755
526,baganga,7.5739,126.56,25.629999999999995,83,45,1.76,PH,1697993755
527,kuanda,56.3161,116.0806,0.6800000000000068,65,100,1.2,RU,1697993755
528,new norfolk,-42.7826,147.0587,12.220000000000027,98,84,1.44,AU,1697993756
529,santana,-0.0583,-51.1817,34.10000000000002,55,40,5.66,BR,1697993756
530,pierre,44.3683,-100.351,10.510000000000048,71,20,7.2,US,1697993748
531,korsakov,46.6328,142.7813,3.8000000000000114,65,29,4.04,RU,1697993408
532,banda aceh,5.5577,95.3222,26.04000000000002,80,100,1.82,ID,1697993757
533,las heras,-46.5419,-68.9359,16.710000000000036,27,0,1.84,AR,1697993621
534,vwawa,-9.1167,32.9333,24.28000000000003,36,61,3.0,TZ,1697993757
535,sirte,31.2089,16.5887,24.55000000000001,75,10,4.01,LY,1697993719
536,san jose del cabo,23.0589,-109.6977,27.30000000000001,82,98,3.13,MX,1697993638
537,al bahah,20.0129,41.4677,21.680000000000007,36,12,4.63,SA,1697993758
538,coquimbo,-29.9533,-71.3436,17.850000000000023,67,75,7.2,CL,1697993758
539,kaohsiung,22.6163,120.3133,26.810000000000002,80,100,2.06,TW,1697993759
540,puerto madero,14.7208,-92.4215,28.57000000000005,71,83,1.86,MX,1697993759
541,suileng,47.25,127.0833,3.980000000000018,60,15,3.64,CN,1697993759
542,flying fish cove,-10.4217,105.6791,23.82000000000005,94,75,0.51,CX,1697993760
543,wellington,-41.2866,174.7756,6.860000000000014,91,40,3.6,NZ,1697993732
544,ngaruawahia,-37.6674,175.1555,8.78000000000003,91,72,1.09,NZ,1697993760
545,mount pearl,47.5166,-52.7813,15.150000000000034,88,100,10.8,CA,1697993761
546,zelino,41.9803,21.0642,20.610000000000014,53,96,2.07,MK,1697993761
547,ndele,8.4109,20.6473,27.75,59,56,1.34,CF,1697993761
548,magong,23.5654,119.5863,25.33000000000004,79,58,10.34,TW,1697993762
549,yarkovo,57.4028,67.0786,-1.509999999999991,73,20,3.96,RU,1697993762
550,kupang,-10.1667,123.5833,26.32000000000005,78,23,2.57,ID,1697993762
551,rosa zarate,0.3333,-79.4667,28.54000000000002,73,100,1.29,EC,1697993762
